name,location,tele,CityName,latlon
基隆區營業處,基隆市仁一路301號,02-24231156,基隆市,"25.1295186,121.74545510000007"
汐止服務所,新北市汐止區汐萬路1段216號,02-26412176,新北市,"25.072673,121.65213799999992"
七堵服務所,基隆市福五街3號,02-24515821,基隆市,"25.0843339,121.69853439999997"
瑞芳服務所,新北市瑞芳區中山路50號,02-24972124,新北市,"25.1064329,121.80344560000003"
老梅服務所,新北市石門區老梅路52巷23號,02-26381059,新北市,"25.2896477,121.54466309999998"
金山服務所,新北市金山區中正路52號,02-24982036,新北市,"25.2220417,121.63489720000007"
萬里服務所,新北市萬里區瑪鋉路340號,02-24922040,新北市,"25.181807,121.6883312"
貢寮服務所,新北市貢寮區仁義街45號,02-24902220,新北市,"25.052141,121.92540489999999"
雙溪服務所,新北市雙溪區中山路41巷10號,02-24931053,新北市,"25.0329241,121.86511050000001"
平溪服務所,新北市平溪區靜安路二段300號1樓,02-24951014,新北市,"25.0248959,121.74062019999997"
台北市區營業處,台北市基隆路4段75號,02-23788111,台北市,"25.0124089,121.53890539999998"
松山服務所,台北市八德路4段598號2樓,02-27611418,台北市,"25.0498235,121.57253790000004"
台北南區營業處,新北市板橋區四川路一段287號,02-29595111,新北市,"25.0006632,121.45893849999993"
中和服務所,新北市中和區和平街33號,02-29406268,新北市,"24.9916294,121.5066084"
新店服務所,新北市新店區北新路2段129號,02-29141660,新北市,"24.9751969,121.54250000000002"
永和服務所,新北市永和區得和路243巷41號,02-29236122,新北市,"25.0020589,121.52075480000008"
木柵服務所,台北市文山區辛亥路7段38號,02-22364336,台北市,"24.9856724,121.55387700000006"
土城服務所,新北市土城區中央路2段263號,02-22692621,新北市,"24.9710294,121.43986010000003"
深坑服務所,新北市深坑區北深路2段68號,02-26621010,新北市,"25.0041151,121.61875839999993"
龜山服務所,新北市新店區新烏路3段86號,02-26667455,新北市,"24.904022,121.55365099999995"
坪林服務所,新北市坪林區北宜路八段147號,02-26656259,新北市,"24.9345234,121.70712589999994"
台北北區營業處,台北市士林區中山北路5段380號,02-28881678,台北市,"25.0905355,121.52768209999999"
內湖服務所,台北市內湖區堤頂大道2段405號,02-26572487,台北市,"25.080326,121.56319630000007"
淡水服務所,新北市淡水區中正路231號,02-26211221,新北市,"25.172762,121.43615030000001"
南港服務所,台北市南港區南港路2段157號,02-27859020,台北市,"25.053878,121.59514000000001"
北投服務所,台北市北投區溫泉路55號,02-28912041,台北市,"25.134819,121.50417390000007"
台北西區營業處,新北市新莊區化成路135號,02-29916611,新北市,"25.0478508,121.46555269999999"
蘆洲服務所,新北市蘆洲區中正路56號,02-2283-1911,新北市,"25.083079,121.47084399999994"
三重服務所,新北市三重區光明路60-1號,02-2972-1911,新北市,"25.0577298,121.49184130000003"
樹林服務所,新北市樹林區中山路一段191巷1號,02-2684-1911,新北市,"24.9875609,121.42166399999996"
林口服務所,桃園市龜山區文化一路51號,03--211-1911,桃園市,"25.0599455,121.37140390000002"
三峽服務所,新北市三峽區中正路一段64號,02-2668-1911,新北市,"24.930093,121.37471900000003"
泰山服務所,新北市泰山區文程路159號,02-8064-1911,新北市,"25.0498176,121.43577830000004"
鶯歌服務所,新北市鶯歌區文化路254號,02-8676-1911,新北市,"24.9479724,121.35268210000004"
八里服務所,新北市八里區中山路二段339號,02-8007-1911,新北市,"25.1474474,121.39967969999998"
桃園區營業處,桃園市桃園區南門里復興路352號,03-3392121,桃園市,"24.989738,121.30497100000002"
平鎮服務所,桃園市平鎮區新貴里中豐路1段288號,03-4670721,桃園市,"24.9275837,121.21320190000006"
中壢服務所,桃園市中壢區自強里延平路499號,03-4252181,桃園市,"24.9569197,121.22382489999995"
楊梅服務所,桃園市楊梅區紅梅里秀才路99號,03-4782017,桃園市,"24.903959,121.14262200000007"
大溪服務所,桃園市大溪區一德里康莊路415號,03-3882034,桃園市,"24.8742129,121.28659300000004"
龍潭服務所,桃園市龍潭區中正里東龍路121號,03-4791804,桃園市,"24.8621532,121.21513170000003"
大園服務所,桃園市大園區田心里中正西路21號,03-3862015,桃園市,"25.063207,121.19523300000003"
新坡服務所,桃園市觀音區新坡里新生路110號,03-4981918,桃園市,"25.0155059,121.13599399999998"
新屋服務所,桃園市新屋區新生里中華路466號,03-4772006,桃園市,"24.9771468,121.10651719999998"
新竹區營業處,新竹市中華路二段400號,03-5230121,新竹市,"24.8029102,120.97270909999997"
竹北服務所,新竹縣竹北市縣政二路103號,03-5552037,新竹縣,"24.826937,121.01581899999996"
湖口服務所,新竹縣湖口鄉中正路一段144號,03-5992004,新竹縣,"24.9002605,121.04699570000002"
竹東服務所,新竹縣竹東鎮杞林路100號,03-5962086,新竹縣,"24.7380436,121.09196880000002"
新埔服務所,新竹縣新埔鎮中正路258號,03-5882012,新竹縣,"24.8273651,121.08166699999992"
關西服務所,新竹縣關西鎮正義路139號,03-5871144,新竹縣,"24.7959743,121.17386899999997"
芎林服務所,新竹縣芎林鄉文山路319號,03-5922970,新竹縣,"24.774587,121.08133299999997"
橫山服務所,新竹縣橫山鄉新興街126號,03-5932642,新竹縣,"24.717708,121.14083700000003"
寶山服務所,新竹縣寶山鄉三峰路二段622巷1號,03-5201044,新竹縣,"24.7651546,120.99106189999998"
北埔服務所,新竹縣北埔鄉仁愛路62號,03-5802231,新竹縣,"24.7039175,121.05259520000004"
五峰服務所,新竹縣五峰鄉大隘村95-1號1樓,03-5851008,新竹縣,"24.632174,121.11970450000001"
苗栗區營業處,苗栗市為公路236號,037-266911,苗栗市,"24.5711214,120.82916539999997"
竹南服務所,苗栗縣竹南鎮中正路40號,037-473027,苗栗縣,"24.6840919,120.87843739999994"
苑裡服務所,苗栗縣苑裡鎮為公路12號,037-864613,苗栗縣,"24.4422933,120.65483110000002"
後龍服務所,苗栗縣後龍鎮中華路54號,037-724053,苗栗縣,"24.6162386,120.79168490000006"
通霄服務所,苗栗縣通霄鎮自強路119號,037-752039,苗栗縣,"24.4894486,120.68309620000002"
公館服務所,苗栗縣公館鄉忠孝路35號,037-220282,苗栗縣,"24.5001077,120.82905660000006"
日南服務所,台中市大甲區幼獅路15-3號,04-26815446,台中市,"24.408112,120.64642700000002"
卓蘭服務所,苗栗縣卓蘭鎮中山路23號,04-25893125,苗栗縣,"24.309819,120.82868699999995"
銅鑼服務所,苗栗縣銅鑼鄉大同路143號,037-980668,苗栗縣,"24.48785,120.78648799999996"
大湖服務所,苗栗縣大湖鄉民族路30號,037-990058,苗栗縣,"24.4230076,120.86942750000003"
造橋服務所,苗栗縣造橋鄉大西村赤崎街2號,037-542116,苗栗縣,"24.5710733,120.82914929999993"
三義服務所,苗栗縣三義鄉中正路68號,037-870186,苗栗縣,"24.4148513,120.77246030000003"
三灣服務所,苗栗縣三灣鄉中正路307號,037-831186,苗栗縣,"24.6569169,120.9586746"
南庄服務所,苗栗縣南庄鄉中正路186號,037-821002,苗栗縣,"24.6031091,121.00041579999993"
獅潭服務所,苗栗縣獅潭鄉和興村新興2號,037-931511,苗栗縣,"24.53402,120.91781000000003"
台中區營業處,台中市中區自由路二段86號,04-22245131,台中市,"24.1416775,120.68407930000001"
西屯服務所,台中市西屯區西安街279號,04-27029748,台中市,"24.1820598,120.6484825"
南屯服務所,台中市南屯區黎明路1段971號,04-23896564,台中市,"24.1366152,120.6368258"
太平服務所,台中市太平區中平路173號,04-22785764,台中市,"24.1258896,120.71844099999998"
大里服務所,台中市大里區國中路186號,04-24064451,台中市,"24.096311,120.68216099999995"
沙鹿服務所,台中市沙鹿區鎮南路2段439號,04-26350050,台中市,"24.230648,120.56593199999998"
潭子服務所,台中市潭子區中山路3段305巷48-1號,04-25324625,台中市,"24.2259682,120.70555379999996"
清水服務所,台中市清水區清水街15號,04-26222018,台中市,"24.2692329,120.57642099999998"
大雅服務所,台中市大雅區雅潭路4段399號,04-25664051,台中市,"24.2199524,120.65860859999998"
烏日服務所,台中市烏日區中山路1段和平巷65號,04-23381040,台中市,"24.1072073,120.64529540000001"
梧棲服務所,台中市梧棲區四維路3號,04-26562854,台中市,"24.25958,120.53601500000002"
龍井服務所,台中市龍井區沙田路四段253號,04-26353034,台中市,"24.1931567,120.54591720000008"
東山服務所,台中市北屯區東山路一段392之1號,04-22390943,台中市,"24.1768935,120.73413219999998"
大肚服務所,台中市大肚區文昌路一段182號,04-26992164,台中市,"24.1508172,120.5407348"
豐原分處,台中市豐原區中正路599號,04-25204773,台中市,"24.2499484,120.7078702"
東勢服務所,台中市東勢區中新街西新巷88-1號,04-25872028,台中市,"24.257946,120.83182680000004"
大甲服務所,台中市大甲區經國路888號,04-26861224,台中市,"24.3555282,120.620093"
后里服務所,台中市后里區三光路74號,04-25562036,台中市,"24.3067437,120.7115642"
神岡服務所,台中市神岡區神岡路12號,04-25623464,台中市,"24.2580564,120.66231289999996"
新社服務所,台中市新社區興安路1-2號,04-25811453,台中市,"24.238473,120.80673790000003"
外埔服務所,台中市外埔區六分路376號,04-26832109,台中市,"24.3321906,120.6548282"
石岡服務所,台中市石岡區大勇街2號,04-25721943,台中市,"24.2753323,120.77414010000007"
大安服務所,台中市大安區中松路68號,04-26712764,台中市,"24.3475722,120.58774489999996"
梨山服務所,台中市和平區中興路四段178號,04-25989213,台中市,"24.2646339,121.25995060000002"
谷關服務所,台中市和平區東關路一段121號,04-25951110,台中市,"24.203014,121.00699650000001"
南投區營業處,南投縣草屯鎮太平路1段42號,049-2350101,南投縣,"23.9561695,120.68176070000004"
霧峰服務所,台中市霧峰區樹仁路243號,04-23393023,台中市,"24.0572851,120.69694609999999"
南投服務所,南投縣南投市民族路436號6樓,049-2205560,南投縣,"23.907553,120.68235800000002"
埔里服務所,南投縣埔里鎮信義路9號,049-2982006,南投縣,"23.9739463,120.97895740000001"
竹山服務所,南投縣竹山鎮和興巷143號,049-2642063,南投縣,"23.7615355,120.69290509999996"
名間服務所,南投縣名間鄉董門巷16之5號,049-2732054,南投縣,"23.8388,120.7009951"
國姓服務所,南投縣國姓鄉中興路305號,049-2721016,南投縣,"24.0384887,120.85446679999995"
鹿谷服務所,南投縣鹿谷鄉中正路2段135號,049-2752026,南投縣,"23.747912,120.75257899999997"
水里服務所,南投縣水里鄉民生路282號,049-2770034,南投縣,"23.8149367,120.85514069999999"
魚池服務所,南投縣魚池鄉水社村中山路281號,049-2855116,南投縣,"23.8666853,120.90474599999993"
信義服務所,南投縣信義鄉玉山路85號,049-2791004,南投縣,"23.702109,120.85422599999993"
集集服務所,南投縣集集鎮大園巷18號,049-2762047,南投縣,"23.8327605,120.79989390000003"
仁愛服務所,南投縣仁愛鄉仁和路50號,049-2802612,南投縣,"24.0221263,121.13218610000001"
中寮服務所,南投縣中寮鄉初中巷16號,049-2691340,南投縣,"23.8798777,120.76497760000007"
彰化區營業處,彰化市中山路二段418號,04-7256461,彰化市,"24.076194,120.54429000000005"
員林服務所,彰化縣員林市中山路二段369巷4號,04-8320063,彰化縣,"23.9687725,120.57021959999997"
和美服務所,彰化縣和美鎮彰美路六段205號,04-7552017,彰化縣,"24.1160499,120.49514999999997"
溪湖服務所,彰化縣溪湖鎮大溪路二段110號,04-8852305,彰化縣,"23.9677656,120.48658699999999"
鹿港服務所,彰化縣鹿港鎮中山路328號,04-7772171,彰化縣,"24.057674,120.43303000000003"
二林服務所,彰化縣二林鎮斗苑路4段517號,04-8960061,彰化縣,"23.8995596,120.37687069999993"
北斗服務所,彰化縣北斗鎮文苑路一段107號,04-8882069,彰化縣,"23.8753525,120.52163580000001"
花壇服務所,彰化縣花壇鄉光明路82號,04-7862047,彰化縣,"24.0221673,120.53997359999994"
永靖服務所,彰化縣永靖鄉開明路66號,04-8221906,彰化縣,"23.9196535,120.54521360000001"
田中服務所,彰化縣田中鎮中路街52號,04-8742054,彰化縣,"23.8591095,120.58884650000005"
溪州服務所,彰化縣溪州鄉溪下路4段568號 ,04-8895049,彰化縣,"23.8518886,120.4985762"
秀水服務所,彰化縣秀水鄉彰水路一段189號,04-7692014,彰化縣,"24.038731,120.50303600000007"
社頭服務所,彰化縣社頭鄉員集路一段925號,04-8732025,彰化縣,"23.8940343,120.5879797"
埤頭服務所,彰化縣埤頭鄉斗苑西路343號,04-8922031,彰化縣,"23.892123,120.45728400000007"
草湖服務所,彰化縣芳苑鄉草漢路一段59號,04-8862184,彰化縣,"23.9591635,120.38150870000004"
竹塘服務所,彰化縣竹塘鄉竹林路一段327號,04-8972027,彰化縣,"23.860664,120.4275414"
大城服務所,彰化縣大城鄉中平路290號,04-8941013,彰化縣,"23.8507546,120.32055949999994"
二水服務所,彰化縣二水鄉光文路100號,04-8792009,彰化縣,"23.8117901,120.616221"
雲林區營業處,雲林縣斗六市明德北路3段39號,05-5323927,雲林縣,"23.7124488,120.53276110000002"
虎尾服務所,雲林縣虎尾鎮水源路12號,05-6322054,雲林縣,"23.71112,120.43177700000001"
褒忠服務所,雲林縣褒忠鄉泰安路80號,"05-6972025",雲林縣,"23.6916203,120.29680559999997"
北港服務所,雲林縣北港鎮華勝路67號,05-7832073,雲林縣,"23.574453,120.299035"
斗南服務所,雲林縣斗南鎮文昌路380號,05-5972036,雲林縣,"23.6793405,120.47397479999995"
麥寮服務所,雲林縣麥寮鄉中華路85號,05-6932029,雲林縣,"23.750876,120.25877100000002"
二崙服務所,雲林縣二崙鄉中興路120號,05-5982024,雲林縣,"23.7734234,120.41199089999998"
莿桐服務所,雲林縣莿桐鄉中山路39號,05-5842042,雲林縣,"23.7557094,120.499054"
四湖服務所,雲林縣四湖鄉中山東路6號,05-7872021,雲林縣,"23.6372501,120.23192100000006"
西螺服務所,雲林縣西螺鎮建興路138號,05-5862031,雲林縣,"23.797349,120.45958500000006"
土庫服務所,雲林縣土庫鎮大同路107-3號,05-6622516,雲林縣,"23.6756948,120.39305539999998"
台西服務所,雲林縣台西鄉中山路449號,05-6982031,雲林縣,"23.7006791,120.19461439999998"
崙背服務所,雲林縣崙背鄉建國路33號,05-6962014,雲林縣,"23.7596214,120.35411729999998"
元長服務所,雲林縣元長鄉元南路32號,05-7882008,雲林縣,"23.646608,120.31440199999997"
口湖服務所,雲林縣口湖鄉中正路1段146號,05-7892018,雲林縣,"23.5829157,120.18448720000004"
水林服務所,雲林縣水林鄉水北村顏厝寮80號,05-7852622,雲林縣,"23.5718275,120.25104579999993"
大埤服務所,雲林縣大埤鄉民族路57號,05-5912014,雲林縣,"23.6437276,120.4336591"
古坑服務所,雲林縣古坑鄉中山路282-1號,05-5821021,雲林縣,"23.702277,120.53824800000007"
林內服務所,雲林縣林內鄉中正路386號,05-5892032,雲林縣,"23.7553847,120.61283079999998"
嘉義區營業處,嘉義市垂楊路223號,05-2226711,嘉義市,"23.474034,120.45512299999996"
朴子服務所,嘉義縣朴子市安福里光復路42號,05-3792029,嘉義縣,"23.465773,120.24644480000006"
民雄服務所,嘉義縣民雄鄉東湖村東勢湖86-8號,05-2261251,嘉義縣,"23.5540432,120.43514540000001"
新港服務所,嘉義縣新港鄉宮前村中山路39號,05-3742048,嘉義縣,"23.5553592,120.347759"
水上服務所,嘉義縣水上鄉中山路2段23號,05-2682016,嘉義縣,"23.428042,120.39416600000004"
太保服務所,嘉義縣太保市太保里太保102號,05-3711009,嘉義縣,"23.460513,120.33351100000004"
中埔服務所,嘉義縣中埔鄉中埔村170-1號,05-2531004,嘉義縣,"23.4241035,120.52223430000004"
竹崎服務所,嘉義縣竹崎鄉和平村田寮99號,05-2611003,嘉義縣,"23.517947,120.54876200000001"
大林服務所,嘉義縣大林鎮平林里中興路274號,05-2652101,嘉義縣,"23.6025727,120.46206899999993"
溪口服務所,嘉義縣溪口鄉坪頂村中正東路102號,05-2691035,嘉義縣,"23.6054531,120.40211669999997"
梅山服務所,嘉義縣梅山鄉梅北村中山路308號,05-2621014,嘉義縣,"23.585658,120.554127"
蒜頭服務所,嘉義縣六腳鄉蒜頭村190-6號,05-3802028,嘉義縣,"23.4949598,120.29203510000002"
布袋服務所,嘉義縣布袋鎮新民里433號,05-3431040,嘉義縣,"23.3333918,120.15966189999995"
鹿草服務所,嘉義縣鹿草鄉西井村633號,05-3752040,嘉義縣,"23.4092375,120.30700839999997"
東石服務所,嘉義縣東石鄉東石村1-16號,05-3732234,嘉義縣,"23.4599346,120.15481950000003"
栗子崙服務所,嘉義縣東石鄉西崙村栗子崙640號,05-3451038,嘉義縣,"23.428242,120.188804"
義竹服務所,嘉義縣義竹鄉岸腳村59-25號,05-3412039,嘉義縣,"23.341362,120.25165400000003"
新塭服務所,嘉義縣布袋鎮新民里433號,05-3431040,嘉義縣,"23.3333918,120.15966189999995"
奮起服務所,嘉義縣竹崎鄉中和村奮起湖97-4號,05-2561036,嘉義縣,"23.5047089,120.69378089999998"
大埔服務所,嘉義縣大埔鄉大埔村大埔52-6號,05-2521074,嘉義縣,"23.29753,120.59490299999993"
阿里山服務所,嘉義縣阿里山鄉中正村阿里山69號,05-2679718,嘉義縣,"23.5128419,120.8127399"
新營區營業處,台南市新營區中正路200號,06-6335481,台南市,"23.3187029,120.31654660000004"
麻豆服務所,台南市麻豆區興國路59號,06-5722026,台南市,"23.1771519,120.24748299999999"
六甲服務所,台南市六甲區中山路339號,06-6982023,台南市,"23.2324625,120.34415289999993"
白河服務所,台南市白河區中正路347號,06-6852040,台南市,"23.3488019,120.40685699999995"
學甲服務所,台南市學甲區秀昌里下溪州16-1號,06-7833328,台南市,"23.2388759,120.17129799999998"
下營服務所,台南市下營區中山路一段435號,06-6896605,台南市,"23.2372217,120.26722970000003"
鹽水服務所,台南市鹽水區蔦松路二巷25號,06-6521035,台南市,"23.324313,120.27312200000006"
後壁服務所,台南市後壁區後壁里157-1號,06-6872144,台南市,"23.3665987,120.36371680000002"
東山服務所,台南市東山區東中里鳳安二街45號,06-6800284,台南市,"23.3211858,120.39989650000007"
隆田服務所,台南市官田區中華路二段128號,06-5791572,台南市,"23.200123,120.31613070000003"
北門服務所,台南市北門區北門里舊埕230號,06-7862005,台南市,"23.2649725,120.12425000000007"
大內服務所,台南市大內區大內里1-6號,06-5761031,台南市,"23.118891,120.360411"
東原服務所,台南市東山區東原里前大埔1-14號,06-6861071,台南市,"23.267069,120.44688399999995"
台南區營業處,台南市忠義路一段109號,06-2160121,台南市,"22.9878578,120.20146060000002"
永康服務所,台南市永康區永明街43號,06-2326641,台南市,"23.0257678,120.25955620000002"
安南服務所,台南市海佃路二段721號,06-2567291,台南市,"23.046654,120.18401100000005"
佳里服務所,台南市佳里區安西里安西120之3號,06-7222047,台南市,"23.1646055,120.17128849999995"
和順服務所,台南市安南區館前一路180號,06-3565097,台南市,"23.055292,120.23177039999996"
仁德服務所,台南市仁德區中正路二段496號,06-2794135,台南市,"22.9548072,120.25236359999997"
善化服務所,台南市善化區大成路321號,06-5839642,台南市,"23.1296277,120.29811029999996"
歸仁服務所,台南市歸仁區忠孝北路336號,06-2304534,台南市,"22.9738961,120.29635340000004"
新市服務所,台南市新市區中興街21號,06-5993172,台南市,"23.0784864,120.29475490000004"
新化服務所,台南市新化區復興路209號,06-5901588,台南市,"23.032607,120.31108240000003"
關廟服務所,台南市關廟區中山路二段168號,06-5965897,台南市,"22.960349,120.32529309999995"
安定服務所,台南市安定區安定里58-5號,06-5923026,台南市,"23.1219137,120.2373331"
西港服務所,台南市西港區文化路56號,06-7952021,台南市,"23.1231662,120.2041987"
將軍服務所,台南市將軍區西華里58-45號,06-7946612,台南市,"23.196209,120.15716700000007"
玉井服務所,台南市玉井區大成路365號,06-5742041,台南市,"23.1267624,120.46868749999999"
楠西服務所,台南市楠西區民權路138號,06-5755073,台南市,"23.1797826,120.48899890000007"
山上服務所,台南市山上區山上里221-1號,06-5781056,台南市,"23.1015761,120.35602570000003"
南化服務所,台南市南化區南化里46-10號,06-5773071,台南市,"23.0444879,120.47508990000006"
三股服務所,台南市七股區三股里53-1號,06-7880324,台南市,"23.1005508,120.12004950000005"
左鎮服務所,台南市左鎮區中正里175之23號,06-5732257,台南市,"23.0567783,120.40870799999993"
高雄區營業處,高雄市鼓山區鼓山二路39號,07-5519271,高雄市,"22.632176,120.28193379999993"
楠梓服務所,高雄市楠梓區旗楠路89號,07-3513301,高雄市,"22.7327129,120.33028590000004"
岡山服務所,高雄市岡山區壽天路21號,07-6222805,高雄市,"22.7963748,120.29396739999993"
梓官服務所,高雄市梓官區梓官路360號,07-6174621,高雄市,"22.7625011,120.26687179999999"
湖內服務所,高雄市湖內區中正路二段15號,07-6991248,高雄市,"22.9084751,120.2148525"
路竹服務所,高雄市路竹區國昌路88號,07-6962136,高雄市,"22.8545469,120.25856720000002"
阿蓮服務所,高雄市阿蓮區民權路190號,07-6311158,高雄市,"22.8808388,120.32403220000003"
橋頭服務所,高雄市橋頭區成功路1號,07-6116661,高雄市,"22.7637921,120.30808839999997"
燕巢服務所,高雄市燕巢區中華路106號,07-6161079,高雄市,"22.7954267,120.36837930000002"
旗津服務所,高雄市旗津區大關路28號,07-5715131,高雄市,"22.613367,120.269812"
?山區營業處,高雄市鳳山區青年路1段100號,07-7410111,高雄市,"22.6212181,120.34962259999998"
小港服務所,高雄市小港區小港路118號6樓,07-8011225,高雄市,"22.5658188,120.34216179999999"
大寮服務所,高雄市大寮區鳳林3路328-2號,07-7812738,高雄市,"22.5402585,120.40956770000003"
仁武服務所,高雄市仁武區中正路111號,07-3711173,高雄市,"22.7017242,120.34828019999998"
林園服務所,高雄市林園區林園北路348號,07-6424101,高雄市,"22.5119826,120.39494390000004"
九曲服務所,高雄市大樹區竹寮路74號5樓,07-6512010,高雄市,"22.6671945,120.42579"
旗山服務所,高雄市旗山區旗南一路57號5樓,07-6612005,高雄市,"22.8851984,120.48000589999992"
美濃服務所,高雄市美濃區泰安路96號,07-6812034,高雄市,"22.9020541,120.54056500000002"
杉林服務所,高雄市杉林區清水路269號,07-6771120,高雄市,"22.968339,120.53360169999996"
六龜服務所,高雄市六龜區中興里中庄167號,07-6891017,高雄市,"22.9942369,120.64281490000008"
內門服務所,高雄市內門區內門里內門38號,07-6671005,高雄市,"22.9428391,120.46260600000005"
甲仙服務所,高雄市甲仙區文化路129號,07-6751016,高雄市,"23.0814794,120.5871042"
桃源服務所,高雄市桃源區南進巷181號,07-6861047,高雄市,"23.1581711,120.76418769999998"
屏東區營業處,屏東市忠孝路329號,08-7322111,屏東市,"22.6952961,120.49255840000001"
潮州服務所,屏東縣潮州鎮三星里愛國路136號,08-7894618,屏東縣,"22.5516711,120.54836539999997"
內埔服務所,屏東縣內埔鄉內埔村勝光路55號,08-7792014,屏東縣,"22.614623,120.57149000000004"
萬丹服務所,屏東縣萬丹鄉四維村丹榮路912號,08-7772061,屏東縣,"22.5978983,120.49276050000003"
里港服務所,屏東縣里港鄉春林村里中路24號,08-7752165,屏東縣,"22.772955,120.49529469999993"
東港服務所,屏東縣東港鎮興台里中山路25號,08-8322614,屏東縣,"22.4658661,120.451727"
鹽埔服務所,屏東縣鹽埔鄉鹽南村興學路19號,08-7932024,屏東縣,"22.755329,120.57493"
恆春服務所,屏東縣恆春鎮光明路97號,08-8892594,屏東縣,"22.0025752,120.74293669999997"
新園服務所,屏東縣新園鄉仙吉村仙吉路52號,08-8681014,屏東縣,"22.5410261,120.46030070000006"
枋寮服務所,屏東縣枋寮鄉新龍村中山路303號,08-8782042,屏東縣,"22.370297,120.59216700000002"
高樹服務所,屏東縣高樹鄉高樹村華光路101號,08-7962027,屏東縣,"22.825743,120.59673799999996"
萬巒服務所,屏東縣萬巒鄉萬和村褒忠路19號,08-7811936,屏東縣,"22.57184,120.57229200000006"
佳冬服務所,屏東縣佳冬鄉萬建村文化二路106號,08-8662014,屏東縣,"22.422127,120.56025199999999"
龍泉服務所,屏東縣內埔鄉龍泉村原勝路63號,08-7701124,屏東縣,"22.665983,120.59967600000004"
南州服務所,屏東縣南州鄉溪州村人和路186號,08-8641133,屏東縣,"22.487942,120.50453979999998"
林邊服務所,屏東縣林邊鄉永樂村中山路268號,08-8752009,屏東縣,"22.4365671,120.51344459999996"
車城服務所,屏東縣車城鄉田中村中山路185號,08-8823198,屏東縣,"22.0789653,120.71383590000005"
新埤服務所,屏東縣新埤鄉新埤村中正路62號,08-7971003,屏東縣,"22.4702039,120.54896200000007"
琉球服務所,屏東縣琉球鄉大福村仁愛路1-11號,08-8612506,屏東縣,"22.3385318,120.3769886"
滿州服務所,屏東縣滿州鄉滿州村中山路155號,08-8801108,屏東縣,"22.025038,120.836949"
楓港服務所,屏東縣枋山鄉善餘村德隆路12號,08-8771174,屏東縣,"22.1903736,120.69153269999993"
台東區營業處,台東市正氣路38號,089-322481,台東市,"22.7505596,121.15427479999994"
知本服務所,台東市知本路3段658號,089-512624,台東市,"22.7063827,121.04135689999998"
卑南服務所,台東縣卑南鄉太平村和平路180號,089-380911,台東縣,"22.7835194,121.08909370000003"
成功服務所,台東縣成功鎮東海路6號,089-851014,台東縣,"23.098559,121.376081"
太麻服務所,台東縣太麻里鄉太麻里街150號,089-781330,台東縣,"22.6128404,121.00650470000005"
鹿野服務所,台東縣鹿野鄉龍田村光榮路539號,089-551038,台東縣,"22.904141,121.10411799999997"
池上服務所,台東縣池上鄉中山路60號,089-862005,台東縣,"23.1207432,121.21307409999997"
關山服務所,台東縣關山鎮和平路138號,089-811030,台東縣,"23.0503377,121.16513170000007"
都蘭服務所,台東縣東河鄉都蘭村378號,089-531075,台東縣,"22.8768199,121.22842029999993"
大武服務所,台東縣大武鄉尚武村10號,089-791002,台東縣,"22.3415332,120.89446380000004"
東河服務所,台東縣東河鄉南東河121號,089-896150,台東縣,"22.9674002,121.3014789"
長濱服務所,台東縣長濱鄉長濱村1號,089-831018,台東縣,"23.3146428,121.45114590000003"
蘭嶼發電廠,台東縣蘭嶼鄉紅頭村漁人145號,089-732003,台東縣,"22.0260216,121.5400065"
綠島發電廠,台東縣綠島鄉南寮村漁港12號,089-672584,台東縣,"22.6614645,121.47412299999996"
花蓮區營業處,花蓮市中山路238號,03-8324101,花蓮市,"23.9797127,121.60742040000002"
吉安服務所,花蓮縣吉安鄉勝安村北安街85號,03-8520285,花蓮縣,"23.9849019,121.58201200000008"
玉里服務所,花蓮縣玉里鎮光復路104號,03-8886075,花蓮縣,"23.3315431,121.31450569999993"
壽豐服務所,花蓮縣壽豐鄉公園路42號 ,03-8651003,花蓮縣,"23.8714538,121.50796880000007"
北埔服務所,花蓮縣新城鄉北埔路145號 ,03-8262449,花蓮縣,"24.0310658,121.60496690000002"
瑞穗服務所,花蓮縣瑞穗鄉中山路2段17號,03-8872049,花蓮縣,"23.495589,121.38349300000004"
鳳林服務所,花蓮縣鳳林鎮光華路126號,03-8762024,花蓮縣,"23.745695,121.45179200000007"
光復服務所,花蓮縣光復鄉中華路360號,03-8701014,花蓮縣,"23.669381,121.423944"
富里服務所,花蓮縣富里鄉和平街22號 ,03-8831045,花蓮縣,"23.1724612,121.24660399999993"
新城服務所,花蓮縣新城鄉新興3路119號,03-8611005,花蓮縣,"24.1275769,121.641573"
豐濱服務所,花蓮縣豐濱鄉光豐路46號  ,03-8791128,花蓮縣,"23.6017729,121.52073050000001"
和平服務所,花蓮縣秀林鄉和平村和平208之83號,03-8681045,花蓮縣,"24.3055107,121.74832170000002"
宜蘭區營業處,宜蘭市舊城西路111號,03-9354800,宜蘭市,"24.7602488,121.75026260000004"
羅東服務所,宜蘭縣羅東鎮中正北路93號,03-9542154,宜蘭縣,"24.681783,121.77116799999999"
礁溪服務所,宜蘭縣礁溪鄉中山路二段111號,03-9882525,宜蘭縣,"24.826072,121.77270499999997"
蘇澳服務所,宜蘭縣蘇澳鎮中山路一段446號,03-9962057,宜蘭縣,"24.5964167,121.83985819999998"
員山服務所,宜蘭縣員山鄉溫泉路8號,03-9771014,宜蘭縣,"24.7495536,121.71372680000002"
頭城服務所,宜蘭縣頭城鎮吉祥路21號,03-9222964,宜蘭縣,"24.855907,121.82208300000002"
過嶺服務所,宜蘭縣壯圍鄉永鎮路1號,03-9301963,宜蘭縣,"24.7640631,121.81565599999999"
利澤服務所,宜蘭縣五結鄉利成路二段388號,03-9504693,宜蘭縣,"24.6659559,121.82307020000007"
三星服務所,宜蘭縣三星鄉三星路五段60號,03-9892023,宜蘭縣,"24.6661401,121.65187600000002"
冬山服務所,宜蘭縣冬山鄉中正路展南2巷3號,03-9593531,宜蘭縣,"24.636411,121.79090999999994"
南澳服務所,宜蘭縣南澳鄉蘇花路二段227號,03-9981057,宜蘭縣,"24.4644078,121.79961720000006"
大同服務所,宜蘭縣大同鄉泰雅路四段45號,03-9809600,宜蘭縣,"24.574779,121.47672699999998"
澎湖區營業處,澎湖縣馬公市西文里120號,06-9213111,澎湖縣,"23.5694824,119.58544030000007"
湖西服務所,巡迴服務所,06-9213111,澎湖縣,"23.568870, 119.664408"
白沙服務所,巡迴服務所,06-9213111,澎湖縣,"23.612253, 119.606265"
西嶼服務所,巡迴服務所,06-9213111,澎湖縣,"23.566530, 119.569994"
七美發電廠,澎湖縣七美鄉南港村1-3號,06-9971002,澎湖縣,"23.193587, 119.422058"
望安發電廠,澎湖縣望安鄉東安村4-1號,06-9991046,澎湖縣,"23.359625, 119.507322"
虎井發電廠,澎湖縣馬公市虎井里135號,06-9291049,澎湖縣,"23.4869542,119.51815149999993"
金門區營業處,金門縣金城鎮民生路70號,082-325506,金門縣,"24.4381243,118.31796489999999"
烈嶼服務所,金門縣烈嶼鄉東林麒麟山莊,082-362118,金門縣,"24.430428, 118.251081"
馬祖區營業處,連江縣南竿鄉介壽村259號,0836-26300,連江縣,"26.157814,119.95090800000003"
北竿服務所,連江縣北竿鄉塘歧村22號,0836-55327,連江縣,"26.224849,119.99616700000001"
東引發電廠,連江縣東引鄉樂華村165號,0836-77081,連江縣,"26.361104,120.49051499999996"
西莒發電廠,連江縣莒光鄉田沃村77號(含東莒地區),0836-88135,連江縣,"25.9737,119.93549800000005"